"model","vehicle","judge_role","rule_given","Decision_n","Decision_mean","Decision_variance","Probs_n","Probs_mean","Probs_variance"
"gemma3:12b","bicycle","False","False",370,1,0,370,0.879797267567297,0.0291536164035623
"gemma3:12b","bicycle","False","True",370,0,0,0,NA,NA
"gemma3:12b","bicycle","True","False",370,1,0,370,0.854666997294595,0.0314706723583044
"gemma3:12b","bicycle","True","True",370,-0.189189189189189,0.1538123489343,70,0.172431442857143,0.0323104035651489
"gemma3:12b","car","False","False",370,1,0,370,0.857302675672973,0.0292514106860859
"gemma3:12b","car","False","True",370,0.951351351351351,0.0464073829927488,352,0.809162775567614,0.0319209951492163
"gemma3:12b","car","True","False",370,0.997297297297297,0.0027027027027027,369,0.77985798915935,0.0318794454300595
"gemma3:12b","car","True","True",370,0.840540540540541,0.134395370980737,311,0.743564308678135,0.0334308681072974
"gemma3:12b","scooter","False","False",370,1,0,370,0.700108108108108,0.0310243785248663
"gemma3:12b","scooter","False","True",370,0,0,0,NA,NA
"gemma3:12b","scooter","True","False",370,1,0,370,0.661378378378378,0.0561224851680949
"gemma3:12b","scooter","True","True",370,0,0,0,NA,NA
"gemma3:12b","stroller","False","False",370,-1,0,370,0.32472972972973,0.0743496557533143
"gemma3:12b","stroller","False","True",370,-1,0,370,0.289378378378378,0.0811364689079323
"gemma3:12b","stroller","True","False",370,-1,0,370,0.237594594594595,0.0784692660953637
"gemma3:12b","stroller","True","True",370,-1,0,370,0.193972972972973,0.0849492133597012
"llama3.1:8b","bicycle","False","False",370,1,0,370,0.975456405405405,0.0132428927835208
"llama3.1:8b","bicycle","False","True",370,1,0,370,0.959332324324324,0.018760105305694
"llama3.1:8b","bicycle","True","False",370,0.994594594594595,0.00539075661026881,368,0.956953176630435,0.0151989001293938
"llama3.1:8b","bicycle","True","True",370,1,0,370,0.952394,0.0129438793031978
"llama3.1:8b","car","False","False",370,1,0,370,0.949734027027027,0.0200494332403787
"llama3.1:8b","car","False","True",370,1,0,370,0.925112405405405,0.0302417123717051
"llama3.1:8b","car","True","False",370,1,0,370,0.917626648648649,0.028018811587112
"llama3.1:8b","car","True","True",370,1,0,370,0.876172108081081,0.0473690181785342
"llama3.1:8b","scooter","False","False",370,1,0,370,0.88061027027027,0.0320286130649674
"llama3.1:8b","scooter","False","True",370,0.981081081081081,0.0186112942210503,361,0.886670027700831,0.0298398127330548
"llama3.1:8b","scooter","True","False",370,0.951351351351351,0.0464073829927488,351,0.865182336182336,0.0312368409442409
"llama3.1:8b","scooter","True","True",370,1,0,370,0.856334567567568,0.0287197726937149
"llama3.1:8b","stroller","False","False",370,0.554054054054054,0.5512707829781,315,0.726254634920635,0.105664305018576
"llama3.1:8b","stroller","False","True",370,0.724324324324324,0.303200761737347,305,0.83378393442459,0.0500031025365542
"llama3.1:8b","stroller","True","False",370,0.927027027027027,0.0678312458800264,343,0.896116034984548,0.010969055268261
"llama3.1:8b","stroller","True","True",370,0.948648648648649,0.0488464073829928,351,0.911297435896296,0.00750998373606099
"phi4:14b","bicycle","False","False",370,1,0,370,0.788537837837838,0.09649373975683
"phi4:14b","bicycle","False","True",370,0.264864864864865,0.195239141580605,98,0.816428571428571,0.083829381443299
"phi4:14b","bicycle","True","False",370,0.386486486486486,0.237757269464587,143,0.741818181818182,0.107953008962868
"phi4:14b","bicycle","True","True",370,0.302702702702703,0.211645792133597,112,0.776875,0.105978434684685
"phi4:14b","car","False","False",370,1,0,370,0.794540540540541,0.0964253980810078
"phi4:14b","car","False","True",370,1,0,369,0.767073170731707,0.107312062566278
"phi4:14b","car","True","False",370,1,0,370,0.740567567567568,0.116415124148539
"phi4:14b","car","True","True",370,1,0,362,0.688232044198895,0.121121519413538
"phi4:14b","scooter","False","False",370,1,0,359,0.686487465181059,0.121904334339646
"phi4:14b","scooter","False","True",370,0.243243243243243,0.18457481872116,88,0.693067954545455,0.137550107055538
"phi4:14b","scooter","True","False",370,0.783783783783784,0.16992602358456,284,0.768020387323944,0.105534531668047
"phi4:14b","scooter","True","True",370,0.210810810810811,0.166820479015601,78,0.776653846153846,0.135962177322677
"phi4:14b","stroller","False","False",370,-1,0,360,0.182311694444444,0.0981709821862573
"phi4:14b","stroller","False","True",370,-0.0702702702702703,0.0655094118508753,25,0.1904,0.118370666666667
"phi4:14b","stroller","True","False",370,-0.702702702702703,0.20947777045338,252,0.135549643253968,0.0834460326372826
"phi4:14b","stroller","True","True",370,0.0432432432432432,0.0414853878268512,15,0.898,0.0754885714285714
"qwen3:8b","bicycle","False","False",370,1,0,370,0.905274054053513,0.00834771103219791
"qwen3:8b","bicycle","False","True",370,1,0,370,0.901542432431892,0.0088302923137437
"qwen3:8b","bicycle","True","False",370,1,0,370,0.883846216215405,0.0100425109475149
"qwen3:8b","bicycle","True","True",370,1,0,370,0.886393243242432,0.0105141437209755
"qwen3:8b","car","False","False",370,1,0,370,0.904474864864324,0.00849310053172096
"qwen3:8b","car","False","True",370,1,0,370,0.891880810810811,0.00861732561993701
"qwen3:8b","car","True","False",370,1,0,370,0.891343243243243,0.00885277888376181
"qwen3:8b","car","True","True",370,1,0,370,0.867432432432432,0.01044731927049
"qwen3:8b","scooter","False","False",370,1,0,370,0.840135135135135,0.0125785724749139
"qwen3:8b","scooter","False","True",370,1,0,370,0.833378378378378,0.0159492602358456
"qwen3:8b","scooter","True","False",370,1,0,370,0.825945945945946,0.018850728777558
"qwen3:8b","scooter","True","True",370,1,0,370,0.806216216216216,0.0213433677580019
"qwen3:8b","stroller","False","False",370,1,0,370,0.846021081081081,0.0232742120747089
"qwen3:8b","stroller","False","True",370,-1,0,370,0.168012972973243,0.0262523339232957
"qwen3:8b","stroller","True","False",370,1,0,370,0.857458616215946,0.0245382983100406
"qwen3:8b","stroller","True","True",370,-0.951351351351351,0.0951878707976269,370,0.131316762162162,0.0362614912488972
